{"returns": -61.21293640136719, "env_step": 1982464, "_timestamp": 1709245955.744723, "_runtime": 85.85326099395752, "_step": 121, "_wandb": {"runtime": 85}}