{"returns": -8.156610488891602, "env_step": 1982464, "_timestamp": 1709259959.8101509, "_runtime": 81.58047485351562, "_step": 121, "_wandb": {"runtime": 81}}