{"returns": -57.4492073059082, "env_step": 1982464, "_timestamp": 1709258515.058061, "_runtime": 97.09458780288696, "_step": 121, "_wandb": {"runtime": 96}}