{"returns": -8.787707328796387, "env_step": 1982464, "_timestamp": 1709259124.4830377, "_runtime": 80.09963178634644, "_step": 121, "_wandb": {"runtime": 79}}