{"returns": -61.08793640136719, "env_step": 1982464, "_timestamp": 1709243772.708171, "_runtime": 92.48054885864258, "_step": 121, "_wandb": {"runtime": 91}}