{"returns": -58.9601936340332, "env_step": 1994752, "_timestamp": 1709246149.1234288, "_runtime": 154.34435272216797, "_step": 487, "_wandb": {"runtime": 154}}